"lhs","op","rhs","label","est","se","z","pvalue","ci.lower","ci.upper","std.lv","std.all"
"Commitment","~","Planfulness","b52",0.246038370182523,0.0404129973976248,6.08810001796559,1.14258491556996e-09,0.166830350775867,0.325246389589178,0.246038370182523,0.238179897432059
"Identification","~","Planfulness","b62",0.35045744273016,0.0342964747095129,10.218468390658,0,0.283237587502826,0.417677297957494,0.35045744273016,0.381666407123404
"ExploreBreadth","~","Intention","b74",0.268931024102806,0.0331817057890403,8.10479804180629,4.44089209850063e-16,0.203896075810683,0.33396597239493,0.268931024102806,0.306834874414064
"ExploreDepth","~","Resources","b83",0.114831230026584,0.0239739371468691,4.78983611757654,1.66917581512216e-06,0.0678431766510932,0.161819283402074,0.114831230026584,0.167076752565101
"ExploreDepth","~","Intention","b84",0.249757606326159,0.0336971441066162,7.41183304840128,1.24567023362943e-13,0.183712417495335,0.315802795156983,0.249757606326159,0.280512704107955
"ExploreRum","~","Change","b91",0.206236959999303,0.0531332086613042,3.88150772737919,0.000103810852785546,0.102097784640096,0.310376135358511,0.206236959999303,0.1836375079521
"ExploreRum","~","Planfulness","b92",-0.431835871491701,0.0566843780990411,-7.61825190596924,2.57571741713036e-14,-0.542935211051873,-0.320736531931529,-0.431835871491701,-0.406870827322653
"ExploreRum","~","Resources","b93",0.105811770049546,0.0302201983821229,3.50135921384753,0.000462891467923443,0.0465812696149297,0.165042270484163,0.105811770049546,0.124892202471045
"SelfEsteem","~","Planfulness","b102",0.120666195873548,0.0275017444524035,4.38758334339052,1.14617078672552e-05,0.0667637672348131,0.174568624512283,0.120666195873548,0.17174190448391
"SelfEsteem","~","Identification","b106",0.115933041657823,0.0343916065275864,3.37096906376938,0.000749042687891555,0.048526731493281,0.183339351822365,0.115933041657823,0.151512768723413
"SelfEsteem","~","ExploreBreadth","b107",0.0541426078544835,0.0307236828567087,1.76224341681294,0.0780281794208273,-0.0060747040170963,0.114359919726063,0.0541426078544835,0.0653141562404296
"SelfEsteem","~","ExploreRum","b109",-0.248742686894712,0.0288513879457428,-8.62151544884048,0,-0.305290368172361,-0.192195005617063,-0.248742686894712,-0.375753589181591
"Depression","~","Planfulness","b112",-0.0982992854439653,0.0285779321383799,-3.4396920311792,0.000582376469086876,-0.15431100318782,-0.0422875677001109,-0.0982992854439653,-0.137464366561243
"Depression","~","Identification","b116",-0.110296781339514,0.034019669222525,-3.24214737709692,0.00118632656627105,-0.176974107781629,-0.0436194548973996,-0.110296781339514,-0.141629579069825
"Depression","~","ExploreRum","b119",0.24308180794185,0.0279057788605542,8.71080535528269,0,0.188387486414625,0.297776129469076,0.24308180794185,0.360789919897258
"Change","~~","Change","p11",0.739599732047903,0.0445995419318233,16.583123951777,0,0.652186236134545,0.82701322796126,0.739599732047903,1
"Planfulness","~~","Planfulness","p22",0.828099713629039,0.0499362916201505,16.583123951777,0,0.730226380532055,0.925973046726023,0.828099713629039,1
"Resources","~~","Resources","p33",1.29959984495195,0.0783688193329031,16.583123951777,0,1.14599978154853,1.45319990835537,1.29959984495195,1
"Intention","~~","Intention","p44",0.774399843151756,0.0466980675898989,16.583123951777,0,0.682873312527937,0.865926373775575,0.774399843151756,1
"Commitment","~~","Commitment","p55",0.83351666389615,0.05026294601186,16.583123951777,0,0.735003099956023,0.932030227836276,0.83351666389615,0.943270336459254
"Identification","~~","Identification","p66",0.596501275331999,0.0359703803135403,16.583123951777,0,0.526000625407251,0.667001925256746,0.596501275331999,0.854330753673512
"ExploreBreadth","~~","ExploreBreadth","p77",0.538883702010543,0.0324959099128484,16.583123951777,0,0.475192888936502,0.602574515084584,0.538883702010543,0.905852359843306
"ExploreDepth","~~","ExploreDepth","p88",0.524864213726242,0.03165050296027,16.583123951777,0,0.462830367831534,0.58689805962095,0.524864213726242,0.854966954324522
"ExploreRum","~~","ExploreRum","p99",0.857966822818564,0.0517373460702274,16.583123951777,0,0.756563487865233,0.959370157771894,0.857966822818564,0.919736735951729
"SelfEsteem","~~","SelfEsteem","p1010",0.287983331007285,0.0173660482695979,16.583123951777,0,0.253946501845089,0.322020160169481,0.287983331007285,0.704475708828215
"Depression","~~","Depression","p1111",0.316605583699832,0.0190920350484328,16.583123951777,0,0.279185882613327,0.354025284786336,0.316605583699832,0.747679518527021
"Planfulness","~~","Change","p12",0.571297770236333,0.0413157128064105,13.8276150023894,0,0.490320461140168,0.652275079332497,0.571297770236333,0.72999996487002
"Planfulness","~~","Resources","p32",0.41495986005684,0.0476424170231727,8.7098826210897,0,0.321582438554983,0.508337281558696,0.41495986005684,0.399999958126281
"Planfulness","~~","Intention","p43",0.504503879513155,0.0403575936932942,12.500841436366,0,0.425404449371597,0.583603309654712,0.504503879513155,0.630000022274843
"Resources","~~","Change","p13",0.323531942924653,0.0440218254792398,7.3493531765789,1.99174010617753e-13,0.237250750451636,0.409813135397671,0.323531942924653,0.330000021247241
"Intention","~~","Change","p14",0.499487916628894,0.0386648559089105,12.91839591503,0,0.423706191579998,0.575269641677789,0.499487916628894,0.660000076232874
"Intention","~~","Resources","p34",0.411311536789486,0.0462323597098389,8.89661569019922,0,0.320697776837902,0.501925296741071,0.411311536789486,0.409999604245414
"Commitment","~~","Identification","p65",0.471891355702051,0.036178225611317,13.0435185177915,0,0.400983336479305,0.542799374924797,0.471891355702051,0.669235838793315
"Commitment","~~","ExploreBreadth","p75",0.088884719772472,0.0288276710167306,3.08331254789492,0.00204710031883049,0.032383522821511,0.145385916723433,0.088884719772472,0.1326240969169
"Commitment","~~","ExploreDepth","p85",0.266288999820928,0.0304031367953794,8.75860282487031,0,0.20669994668494,0.325878052956917,0.266288999820928,0.402598916456488
"Commitment","~~","ExploreRum","p95",-0.369936410933325,0.0393580901241995,-9.39924701035908,0,-0.447076850077038,-0.292795971789613,-0.369936410933325,-0.437456313006133
"Identification","~~","ExploreBreadth","p76",0.113961795267603,0.0246588396942071,4.6215392403226,3.80903265218002e-06,0.0656313575664102,0.162292232968795,0.113961795267603,0.201004633792899
"Identification","~~","ExploreDepth","p86",0.219661923669906,0.0256314272143396,8.57002311393004,0,0.16942524945744,0.269898597882371,0.219661923669906,0.392577687943728
"Identification","~~","ExploreRum","p96",-0.296419333965828,0.0330190778339531,-8.97721418679428,0,-0.361135537323101,-0.231703130608556,-0.296419333965828,-0.414348328995008
"ExploreBreadth","~~","ExploreDepth","p87",0.250150839334601,0.0250605163178856,9.98187093041131,0,0.201033129917567,0.299268548751635,0.250150839334601,0.470360624763273
"ExploreBreadth","~~","ExploreRum","p97",0.198455259714615,0.0302032155961486,6.57066659286178,5.0090598335828e-11,0.139258044928866,0.257652474500365,0.198455259714615,0.291863537523408
"ExploreDepth","~~","ExploreRum","p98",0.0526845106590984,0.0287019714091766,1.83557114973134,0.0664211072849232,-0.00357031958818613,0.108939340906383,0.0526845106590984,0.0785098634770182
"SelfEsteem","~~","Depression","p1110",-0.12882841791827,0.0139983045643982,-9.20314437549238,0,-0.156264590709113,-0.101392245127427,-0.12882841791827,-0.426647016646375
