"chi_square","df","rmsea","cfi","Model"
1904.86095307777,40,0.291146710367953,0.275073211266999,1
1486.19440178996,39,0.259746550467409,0.437432593228726,2
1160.50238688575,38,0.231750400595882,0.563650014052129,3
1024.13350169785,37,0.220244838262378,0.616271916543935,4
913.64030747887,36,0.210535669316362,0.658835170143236,5
812.416636748893,35,0.200960891297564,0.697795084906536,6
741.014162186415,34,0.194443420992298,0.725162615831135,7
525.079435608061,33,0.164656656816701,0.808714121839398,8
476.964620699556,32,0.15900339845917,0.827029048438618,9
442.456626466381,31,0.155345915486822,0.840054600084305,10
379.042383067011,30,0.145444435514883,0.86431686851994,11
351.20955448325,29,0.142131016975221,0.874747585204605,12
228.553158798344,28,0.114118063379567,0.922039036134036,13
157.100703496517,27,0.0936001609744642,0.949425996055106,14
128.099518797137,26,0.0844974939824268,0.960310887430702,15
59.7446702637956,25,0.0502681321524305,0.986493715685156,16
46.9721281981435,24,0.0417170557719933,0.99107005211431,17
37.3428249759887,23,0.0336722460819685,0.994424518335245,18
33.8277697438421,22,0.0312650224967533,0.995402194933555,19
